symbol,tf,config,split,n,total_R,avg_R,win_pct,t_stat,profit_factor,maxDD_R,n_long,n_short
EURUSD,H1,setA_60_125_250,IS,103,-19.6,-0.1903,43.7,-1.71,0.66,25.8,58,45
EURUSD,H1,setA_60_125_250,OOS,41,3.47,0.0846,53.7,0.43,1.19,6.0,28,13
EURUSD,H1,setB_50_110_250,IS,123,-17.53,-0.1425,46.3,-1.38,0.73,31.7,71,52
EURUSD,H1,setB_50_110_250,OOS,54,0.33,0.0062,48.1,0.04,1.01,5.0,32,22
EURUSD,H1,setC_40_120_350,IS,126,-22.55,-0.179,45.2,-1.79,0.67,29.8,70,56
EURUSD,H1,setC_40_120_350,OOS,55,4.29,0.078,49.1,0.44,1.15,6.0,34,21
EURUSD,H1,A_macd_off,IS,242,-30.37,-0.1255,45.5,-1.67,0.77,35.6,120,122
EURUSD,H1,A_macd_off,OOS,111,-4.53,-0.0408,45.9,-0.35,0.92,18.9,64,47
EURUSD,H1,A_be_off,IS,95,-17.0,-0.1789,27.4,-1.3,0.75,22.0,54,41
EURUSD,H1,A_be_off,OOS,38,7.0,0.1842,39.5,0.76,1.3,6.0,26,12
EURUSD,H1,A_stack_off,IS,124,-20.52,-0.1655,44.4,-1.61,0.7,26.7,67,57
EURUSD,H1,A_stack_off,OOS,50,4.52,0.0904,56.0,0.52,1.21,5.0,33,17
EURUSD,H1,A_tp3,IS,94,-7.61,-0.0809,43.6,-0.55,0.86,19.8,50,44
EURUSD,H1,A_tp3,OOS,41,2.5,0.061,53.7,0.27,1.13,6.0,28,13
EURUSD,H1,A_be_optimistic,IS,105,-25.5,-0.2429,44.8,-2.36,0.56,31.7,58,47
EURUSD,H1,A_be_optimistic,OOS,41,2.23,0.0545,56.1,0.29,1.12,6.0,28,13
EURUSD,H1,setA_x0spread,IS,103,-17.64,-0.1713,43.7,-1.51,0.7,25.8,58,45
EURUSD,H1,setA_x0spread,OOS,41,7.44,0.1814,53.7,0.88,1.4,4.0,28,13
EURUSD,H1,setA_x2spread,IS,102,-25.7,-0.252,39.2,-2.26,0.59,30.8,56,46
EURUSD,H1,setA_x2spread,OOS,41,6.19,0.1509,56.1,0.76,1.34,6.0,28,13
EURUSD,M15,setA_60_125_250,IS,96,16.75,0.1745,54.2,1.31,1.38,5.0,48,48
EURUSD,M15,setA_60_125_250,OOS,41,3.29,0.0802,48.8,0.39,1.16,6.0,15,26
EURUSD,M15,setB_50_110_250,IS,114,4.93,0.0433,53.5,0.38,1.09,10.8,53,61
EURUSD,M15,setB_50_110_250,OOS,49,7.19,0.1468,51.0,0.79,1.31,5.0,20,29
EURUSD,M15,setC_40_120_350,IS,115,7.63,0.0663,53.9,0.57,1.14,11.3,51,64
EURUSD,M15,setC_40_120_350,OOS,56,8.0,0.1428,51.8,0.82,1.3,6.0,22,34
EURUSD,M15,A_macd_off,IS,262,12.64,0.0482,51.5,0.63,1.1,12.6,133,129
EURUSD,M15,A_macd_off,OOS,103,-4.06,-0.0394,44.7,-0.32,0.93,15.3,40,63
EURUSD,M15,A_be_off,IS,91,14.46,0.1589,39.6,1.03,1.26,6.7,45,46
EURUSD,M15,A_be_off,OOS,37,8.77,0.237,40.5,0.97,1.41,4.2,14,23
EURUSD,M15,A_stack_off,IS,108,19.92,0.1844,54.6,1.47,1.41,6.0,52,56
EURUSD,M15,A_stack_off,OOS,47,5.17,0.1101,48.9,0.58,1.22,6.0,17,30
EURUSD,M15,A_tp3,IS,93,2.09,0.0225,52.7,0.15,1.05,10.8,45,48
EURUSD,M15,A_tp3,OOS,41,6.37,0.1553,48.8,0.63,1.3,6.0,15,26
EURUSD,M15,A_be_optimistic,IS,96,9.21,0.096,55.2,0.75,1.21,8.6,48,48
EURUSD,M15,A_be_optimistic,OOS,41,3.29,0.0802,48.8,0.39,1.16,6.0,15,26
EURUSD,M15,setA_x0spread,IS,98,17.1,0.1745,57.1,1.36,1.41,5.9,50,48
EURUSD,M15,setA_x0spread,OOS,42,5.42,0.1291,54.8,0.66,1.29,5.0,15,27
EURUSD,M15,setA_x2spread,IS,95,9.58,0.1008,48.4,0.74,1.2,8.9,45,50
EURUSD,M15,setA_x2spread,OOS,40,-1.75,-0.0437,45.0,-0.22,0.92,6.9,14,26
GBPUSD,H1,setA_60_125_250,IS,102,24.24,0.2376,56.9,1.83,1.55,5.0,53,49
GBPUSD,H1,setA_60_125_250,OOS,41,-10.86,-0.2649,48.8,-1.74,0.48,10.9,22,19
GBPUSD,H1,setB_50_110_250,IS,122,15.67,0.1284,56.6,1.14,1.3,8.9,63,59
GBPUSD,H1,setB_50_110_250,OOS,48,-4.78,-0.0997,56.2,-0.65,0.77,5.9,26,22
GBPUSD,H1,setC_40_120_350,IS,134,22.67,0.1692,56.7,1.55,1.39,7.0,67,67
GBPUSD,H1,setC_40_120_350,OOS,51,-10.1,-0.198,47.1,-1.34,0.62,9.1,29,22
GBPUSD,H1,A_macd_off,IS,238,13.39,0.0563,52.1,0.7,1.12,11.7,116,122
GBPUSD,H1,A_macd_off,OOS,116,-22.91,-0.1975,42.2,-1.87,0.65,24.0,57,59
GBPUSD,H1,A_be_off,IS,97,20.0,0.2062,40.2,1.37,1.34,10.0,51,46
GBPUSD,H1,A_be_off,OOS,37,-4.0,-0.1081,29.7,-0.47,0.85,12.0,18,19
GBPUSD,H1,A_stack_off,IS,117,22.63,0.1934,56.4,1.64,1.45,7.2,60,57
GBPUSD,H1,A_stack_off,OOS,47,-11.84,-0.252,48.9,-1.75,0.51,13.9,26,21
GBPUSD,H1,A_tp3,IS,98,31.3,0.3194,55.1,1.94,1.71,7.0,51,47
GBPUSD,H1,A_tp3,OOS,40,-5.87,-0.1467,47.5,-0.72,0.72,9.0,21,19
GBPUSD,H1,A_be_optimistic,IS,103,19.27,0.1871,56.3,1.47,1.43,6.0,53,50
GBPUSD,H1,A_be_optimistic,OOS,41,-10.86,-0.2649,48.8,-1.74,0.48,10.9,22,19
GBPUSD,H1,setA_x0spread,IS,102,21.08,0.2067,58.8,1.66,1.51,7.0,54,48
GBPUSD,H1,setA_x0spread,OOS,41,-5.86,-0.143,51.2,-0.84,0.71,7.0,23,18
GBPUSD,H1,setA_x2spread,IS,103,25.2,0.2446,55.3,1.87,1.56,5.0,53,50
GBPUSD,H1,setA_x2spread,OOS,41,-10.86,-0.265,48.8,-1.74,0.48,10.9,22,19
GBPUSD,M15,setA_60_125_250,IS,89,-2.74,-0.0308,50.6,-0.25,0.94,13.2,43,46
GBPUSD,M15,setA_60_125_250,OOS,41,-5.48,-0.1336,46.3,-0.74,0.75,6.9,24,17
GBPUSD,M15,setB_50_110_250,IS,109,7.52,0.069,53.2,0.58,1.15,12.9,57,52
GBPUSD,M15,setB_50_110_250,OOS,51,-5.46,-0.1071,45.1,-0.64,0.81,8.0,27,24
GBPUSD,M15,setC_40_120_350,IS,123,7.0,0.0569,51.2,0.5,1.12,9.4,63,60
GBPUSD,M15,setC_40_120_350,OOS,54,-3.51,-0.065,46.3,-0.4,0.87,7.9,25,29
GBPUSD,M15,A_macd_off,IS,239,-4.51,-0.0189,46.0,-0.23,0.96,23.7,116,123
GBPUSD,M15,A_macd_off,OOS,98,-8.81,-0.0899,42.9,-0.72,0.84,10.1,54,44
GBPUSD,M15,A_be_off,IS,86,-6.44,-0.0749,30.2,-0.5,0.89,15.1,41,45
GBPUSD,M15,A_be_off,OOS,41,-12.74,-0.3107,24.4,-1.58,0.59,14.0,24,17
GBPUSD,M15,A_stack_off,IS,104,-2.77,-0.0266,49.0,-0.23,0.95,14.8,48,56
GBPUSD,M15,A_stack_off,OOS,48,-5.44,-0.1134,45.8,-0.67,0.79,6.7,27,21
GBPUSD,M15,A_tp3,IS,87,1.6,0.0183,50.6,0.12,1.04,13.2,41,46
GBPUSD,M15,A_tp3,OOS,39,-7.35,-0.1884,48.7,-0.98,0.63,9.6,23,16
GBPUSD,M15,A_be_optimistic,IS,90,-3.68,-0.0408,52.2,-0.34,0.91,13.2,44,46
GBPUSD,M15,A_be_optimistic,OOS,41,-7.44,-0.1815,46.3,-1.05,0.66,8.7,24,17
GBPUSD,M15,setA_x0spread,IS,89,3.3,0.037,52.8,0.29,1.08,9.1,43,46
GBPUSD,M15,setA_x0spread,OOS,41,-2.38,-0.0579,48.8,-0.31,0.89,6.9,25,16
GBPUSD,M15,setA_x2spread,IS,90,-7.82,-0.0869,47.8,-0.71,0.83,16.1,43,47
GBPUSD,M15,setA_x2spread,OOS,40,-14.56,-0.3639,37.5,-2.28,0.42,15.8,24,16
USDJPY,H1,setA_60_125_250,IS,88,10.56,0.12,51.1,0.85,1.25,8.9,50,38
USDJPY,H1,setA_60_125_250,OOS,44,7.11,0.1616,52.3,0.81,1.34,12.0,31,13
USDJPY,H1,setB_50_110_250,IS,114,2.87,0.0252,50.0,0.21,1.05,17.3,72,42
USDJPY,H1,setB_50_110_250,OOS,53,4.05,0.0763,50.9,0.43,1.16,15.0,37,16
USDJPY,H1,setC_40_120_350,IS,120,6.62,0.0552,47.5,0.46,1.11,15.5,78,42
USDJPY,H1,setC_40_120_350,OOS,53,0.11,0.0021,50.9,0.01,1.0,16.0,35,18
USDJPY,H1,A_macd_off,IS,234,-13.94,-0.0596,44.4,-0.73,0.89,32.3,133,101
USDJPY,H1,A_macd_off,OOS,93,8.64,0.093,50.5,0.64,1.17,18.5,54,39
USDJPY,H1,A_be_off,IS,86,5.29,0.0615,34.9,0.39,1.09,15.0,49,37
USDJPY,H1,A_be_off,OOS,42,3.62,0.0863,35.7,0.38,1.13,12.4,29,13
USDJPY,H1,A_stack_off,IS,102,5.64,0.0553,49.0,0.43,1.11,10.5,53,49
USDJPY,H1,A_stack_off,OOS,52,11.21,0.2156,55.8,1.18,1.49,8.0,38,14
USDJPY,H1,A_tp3,IS,85,13.64,0.1605,51.8,0.95,1.33,8.9,50,35
USDJPY,H1,A_tp3,OOS,42,5.89,0.1403,50.0,0.58,1.28,13.0,29,13
USDJPY,H1,A_be_optimistic,IS,88,6.58,0.0748,51.1,0.54,1.15,10.9,50,38
USDJPY,H1,A_be_optimistic,OOS,44,9.14,0.2077,56.8,1.06,1.48,11.0,31,13
USDJPY,H1,setA_x0spread,IS,88,10.62,0.1207,51.1,0.85,1.25,9.9,50,38
USDJPY,H1,setA_x0spread,OOS,44,7.11,0.1617,52.3,0.81,1.34,12.0,31,13
USDJPY,H1,setA_x2spread,IS,88,5.49,0.0624,50.0,0.45,1.12,11.9,50,38
USDJPY,H1,setA_x2spread,OOS,42,7.07,0.1683,50.0,0.8,1.34,12.0,29,13
USDJPY,M15,setA_60_125_250,IS,96,-9.83,-0.1024,47.9,-0.86,0.8,13.8,53,43
USDJPY,M15,setA_60_125_250,OOS,52,-2.81,-0.0541,46.2,-0.3,0.9,11.5,42,10
USDJPY,M15,setB_50_110_250,IS,118,-0.98,-0.0083,50.0,-0.07,0.98,13.0,67,51
USDJPY,M15,setB_50_110_250,OOS,68,-5.93,-0.0872,42.6,-0.56,0.85,20.6,54,14
USDJPY,M15,setC_40_120_350,IS,135,-6.72,-0.0498,48.9,-0.48,0.9,13.0,75,60
USDJPY,M15,setC_40_120_350,OOS,60,-4.81,-0.0802,46.7,-0.5,0.85,12.5,48,12
USDJPY,M15,A_macd_off,IS,228,-33.42,-0.1466,42.5,-1.87,0.74,43.6,123,105
USDJPY,M15,A_macd_off,OOS,105,-5.31,-0.0506,47.6,-0.42,0.91,8.0,73,32
USDJPY,M15,A_be_off,IS,91,-7.22,-0.0794,30.8,-0.54,0.89,14.2,51,40
USDJPY,M15,A_be_off,OOS,50,-7.61,-0.1523,30.0,-0.78,0.79,13.2,40,10
USDJPY,M15,A_stack_off,IS,110,-7.82,-0.0711,47.3,-0.62,0.87,12.9,61,49
USDJPY,M15,A_stack_off,OOS,64,-6.02,-0.0941,46.9,-0.61,0.83,15.8,51,13
USDJPY,M15,A_tp3,IS,95,-0.78,-0.0082,48.4,-0.06,0.98,11.8,53,42
USDJPY,M15,A_tp3,OOS,49,-2.24,-0.0458,49.0,-0.24,0.91,12.1,39,10
USDJPY,M15,A_be_optimistic,IS,96,-15.77,-0.1642,47.9,-1.46,0.69,18.8,53,43
USDJPY,M15,A_be_optimistic,OOS,53,-5.74,-0.1082,45.3,-0.63,0.81,12.4,43,10
USDJPY,M15,setA_x0spread,IS,96,-9.85,-0.1026,47.9,-0.86,0.8,14.9,53,43
USDJPY,M15,setA_x0spread,OOS,55,-1.74,-0.0317,47.3,-0.18,0.94,14.4,46,9
USDJPY,M15,setA_x2spread,IS,95,-16.8,-0.1768,46.3,-1.55,0.67,19.8,52,43
USDJPY,M15,setA_x2spread,OOS,51,-7.03,-0.1379,43.1,-0.85,0.75,12.7,41,10
AUDUSD,H1,setA_60_125_250,IS,88,3.11,0.0353,54.5,0.28,1.08,14.2,42,46
AUDUSD,H1,setA_60_125_250,OOS,39,-1.15,-0.0296,48.7,-0.14,0.95,6.2,21,18
AUDUSD,H1,setB_50_110_250,IS,118,-7.38,-0.0626,50.8,-0.58,0.87,16.9,50,68
AUDUSD,H1,setB_50_110_250,OOS,44,0.73,0.0166,45.5,0.08,1.03,6.0,22,22
AUDUSD,H1,setC_40_120_350,IS,112,-7.64,-0.0682,48.2,-0.61,0.87,16.9,50,62
AUDUSD,H1,setC_40_120_350,OOS,49,-9.21,-0.188,42.9,-1.08,0.69,13.2,25,24
AUDUSD,H1,A_macd_off,IS,230,-17.32,-0.0753,47.0,-0.96,0.86,24.1,95,135
AUDUSD,H1,A_macd_off,OOS,105,-28.18,-0.2684,37.1,-2.39,0.58,29.4,54,51
AUDUSD,H1,A_be_off,IS,82,5.0,0.061,35.4,0.38,1.09,17.0,40,42
AUDUSD,H1,A_be_off,OOS,36,-4.23,-0.1175,30.6,-0.49,0.84,7.2,19,17
AUDUSD,H1,A_stack_off,IS,103,-4.81,-0.0467,51.5,-0.41,0.9,17.2,50,53
AUDUSD,H1,A_stack_off,OOS,44,-3.15,-0.0717,45.5,-0.37,0.88,8.0,25,19
AUDUSD,H1,A_tp3,IS,87,-4.71,-0.0542,55.2,-0.4,0.88,14.2,42,45
AUDUSD,H1,A_tp3,OOS,39,-6.02,-0.1544,48.7,-0.72,0.72,10.1,21,18
AUDUSD,H1,A_be_optimistic,IS,90,2.39,0.0266,55.6,0.21,1.06,14.9,43,47
AUDUSD,H1,A_be_optimistic,OOS,39,-3.13,-0.0803,48.7,-0.4,0.85,8.2,21,18
AUDUSD,H1,setA_x0spread,IS,88,7.45,0.0847,58.0,0.66,1.2,13.9,42,46
AUDUSD,H1,setA_x0spread,OOS,38,2.87,0.0756,52.6,0.35,1.15,5.0,20,18
AUDUSD,H1,setA_x2spread,IS,88,6.29,0.0715,54.5,0.55,1.16,14.9,42,46
AUDUSD,H1,setA_x2spread,OOS,42,-5.05,-0.1203,47.6,-0.64,0.78,8.1,22,20
AUDUSD,M15,setA_60_125_250,IS,110,-5.35,-0.0486,46.4,-0.42,0.91,18.5,56,54
AUDUSD,M15,setA_60_125_250,OOS,56,-8.08,-0.1443,48.2,-0.64,0.79,15.2,32,24
AUDUSD,M15,setB_50_110_250,IS,132,-15.19,-0.1151,44.7,-1.12,0.79,30.5,67,65
AUDUSD,M15,setB_50_110_250,OOS,63,-5.58,-0.0887,52.4,-0.42,0.86,12.3,38,25
AUDUSD,M15,setC_40_120_350,IS,133,-16.27,-0.1223,42.1,-1.16,0.79,31.5,70,63
AUDUSD,M15,setC_40_120_350,OOS,68,-14.43,-0.2122,48.5,-1.13,0.68,16.7,40,28
AUDUSD,M15,A_macd_off,IS,239,-34.56,-0.1446,44.8,-1.94,0.74,46.1,121,118
AUDUSD,M15,A_macd_off,OOS,121,-21.27,-0.1758,44.6,-1.49,0.71,25.4,58,63
AUDUSD,M15,A_be_off,IS,95,17.76,0.187,40.0,1.24,1.31,11.0,48,47
AUDUSD,M15,A_be_off,OOS,51,-5.48,-0.1074,35.3,-0.42,0.87,15.6,29,22
AUDUSD,M15,A_stack_off,IS,126,-8.04,-0.0638,46.8,-0.6,0.88,18.4,64,62
AUDUSD,M15,A_stack_off,OOS,63,-2.03,-0.0323,50.8,-0.15,0.95,10.5,33,30
AUDUSD,M15,A_tp3,IS,111,-5.17,-0.0466,45.0,-0.35,0.91,18.5,53,58
AUDUSD,M15,A_tp3,OOS,49,-8.1,-0.1652,53.1,-0.63,0.75,13.4,26,23
AUDUSD,M15,A_be_optimistic,IS,110,-4.32,-0.0392,47.3,-0.34,0.92,17.5,56,54
AUDUSD,M15,A_be_optimistic,OOS,56,-8.08,-0.1443,48.2,-0.64,0.79,15.2,32,24
AUDUSD,M15,setA_x0spread,IS,105,11.79,0.1123,50.5,0.89,1.23,9.8,56,49
AUDUSD,M15,setA_x0spread,OOS,56,-9.69,-0.1731,50.0,-0.76,0.75,14.8,32,24
AUDUSD,M15,setA_x2spread,IS,111,-6.43,-0.0579,45.9,-0.5,0.89,21.4,56,55
AUDUSD,M15,setA_x2spread,OOS,55,-12.59,-0.2289,41.8,-1.04,0.69,17.6,31,24
XAUUSD,H1,setA_60_125_250,IS,90,-13.62,-0.1513,46.7,-1.25,0.72,18.7,50,40
XAUUSD,H1,setA_60_125_250,OOS,43,2.5,0.0581,44.2,0.28,1.11,5.0,31,12
XAUUSD,H1,setB_50_110_250,IS,115,-19.65,-0.1709,43.5,-1.58,0.7,22.7,64,51
XAUUSD,H1,setB_50_110_250,OOS,56,3.56,0.0635,46.4,0.35,1.11,8.0,40,16
XAUUSD,H1,setC_40_120_350,IS,118,-12.62,-0.107,45.8,-0.98,0.8,19.7,64,54
XAUUSD,H1,setC_40_120_350,OOS,58,8.63,0.1487,50.0,0.83,1.29,6.0,43,15
XAUUSD,H1,A_macd_off,IS,240,-8.31,-0.0346,48.8,-0.44,0.93,35.4,133,107
XAUUSD,H1,A_macd_off,OOS,123,4.72,0.0384,46.3,0.33,1.07,9.1,86,37
XAUUSD,H1,A_be_off,IS,88,-18.79,-0.2135,26.1,-1.49,0.71,25.8,49,39
XAUUSD,H1,A_be_off,OOS,43,-4.55,-0.1057,30.2,-0.49,0.85,9.0,31,12
XAUUSD,H1,A_stack_off,IS,108,-21.6,-0.2,44.4,-1.85,0.64,24.6,57,51
XAUUSD,H1,A_stack_off,OOS,49,-0.5,-0.0102,40.8,-0.05,0.98,11.0,33,16
XAUUSD,H1,A_tp3,IS,89,-9.21,-0.1035,46.1,-0.71,0.81,15.3,50,39
XAUUSD,H1,A_tp3,OOS,42,6.29,0.1498,42.9,0.58,1.26,7.0,30,12
XAUUSD,H1,A_be_optimistic,IS,90,-18.56,-0.2063,47.8,-1.82,0.61,23.6,50,40
XAUUSD,H1,A_be_optimistic,OOS,43,0.5,0.0117,44.2,0.06,1.02,7.0,31,12
XAUUSD,H1,setA_x0spread,IS,91,-7.54,-0.0828,47.3,-0.65,0.84,12.6,50,41
XAUUSD,H1,setA_x0spread,OOS,43,2.51,0.0583,44.2,0.28,1.11,5.0,31,12
XAUUSD,H1,setA_x2spread,IS,90,-13.77,-0.153,44.4,-1.23,0.73,17.8,50,40
XAUUSD,H1,setA_x2spread,OOS,43,2.49,0.058,44.2,0.28,1.11,5.0,31,12
XAUUSD,M15,setA_60_125_250,IS,101,9.8,0.0971,53.5,0.78,1.21,6.0,73,28
XAUUSD,M15,setA_60_125_250,OOS,45,4.02,0.0894,51.1,0.46,1.18,5.0,22,23
XAUUSD,M15,setB_50_110_250,IS,120,12.21,0.1018,55.0,0.89,1.23,5.0,88,32
XAUUSD,M15,setB_50_110_250,OOS,55,-4.19,-0.0761,43.6,-0.46,0.86,8.0,26,29
XAUUSD,M15,setC_40_120_350,IS,128,21.02,0.1642,56.2,1.43,1.37,9.7,91,37
XAUUSD,M15,setC_40_120_350,OOS,56,2.6,0.0464,53.6,0.29,1.1,6.0,30,26
XAUUSD,M15,A_macd_off,IS,263,22.13,0.0841,52.5,1.08,1.18,17.0,179,84
XAUUSD,M15,A_macd_off,OOS,116,-12.93,-0.1115,44.8,-1.01,0.8,16.0,61,55
XAUUSD,M15,A_be_off,IS,93,3.0,0.0323,34.4,0.22,1.05,11.0,67,26
XAUUSD,M15,A_be_off,OOS,45,3.0,0.0667,35.6,0.31,1.1,8.0,22,23
XAUUSD,M15,A_stack_off,IS,113,9.82,0.0869,53.1,0.74,1.19,8.0,81,32
XAUUSD,M15,A_stack_off,OOS,53,1.04,0.0196,49.1,0.11,1.04,7.0,27,26
XAUUSD,M15,A_tp3,IS,97,8.84,0.0911,52.6,0.61,1.19,8.9,69,28
XAUUSD,M15,A_tp3,OOS,45,8.03,0.1784,51.1,0.75,1.36,7.0,22,23
XAUUSD,M15,A_be_optimistic,IS,101,5.22,0.0517,55.4,0.43,1.12,7.9,73,28
XAUUSD,M15,A_be_optimistic,OOS,45,4.02,0.0894,51.1,0.46,1.18,5.0,22,23
XAUUSD,M15,setA_x0spread,IS,101,10.83,0.1072,54.5,0.86,1.24,5.0,73,28
XAUUSD,M15,setA_x0spread,OOS,45,4.02,0.0894,51.1,0.46,1.18,5.0,22,23
XAUUSD,M15,setA_x2spread,IS,101,8.75,0.0867,51.5,0.69,1.18,6.9,73,28
XAUUSD,M15,setA_x2spread,OOS,45,4.02,0.0894,51.1,0.46,1.18,5.0,22,23
XAGUSD,H1,setA_60_125_250,IS,92,5.2,0.0565,48.9,0.42,1.11,13.0,55,37
XAGUSD,H1,setA_60_125_250,OOS,38,10.05,0.2645,52.6,1.17,1.56,4.0,28,10
XAGUSD,H1,setB_50_110_250,IS,111,3.89,0.035,48.6,0.29,1.07,11.2,63,48
XAGUSD,H1,setB_50_110_250,OOS,53,11.13,0.2099,49.1,1.1,1.41,5.0,40,13
XAGUSD,H1,setC_40_120_350,IS,111,6.01,0.0542,50.5,0.45,1.11,10.9,63,48
XAGUSD,H1,setC_40_120_350,OOS,55,14.82,0.2695,52.7,1.46,1.59,5.0,39,16
XAGUSD,H1,A_macd_off,IS,223,-23.16,-0.1038,41.7,-1.25,0.82,25.2,118,105
XAGUSD,H1,A_macd_off,OOS,113,20.11,0.178,51.3,1.42,1.37,9.9,75,38
XAGUSD,H1,A_be_off,IS,90,2.86,0.0318,34.4,0.21,1.05,16.1,53,37
XAGUSD,H1,A_be_off,OOS,36,12.0,0.3333,44.4,1.32,1.6,4.0,26,10
XAGUSD,H1,A_stack_off,IS,112,3.36,0.03,47.3,0.25,1.06,15.0,63,49
XAGUSD,H1,A_stack_off,OOS,40,12.05,0.3013,55.0,1.38,1.67,4.0,28,12
XAGUSD,H1,A_tp3,IS,89,15.32,0.1721,49.4,1.02,1.34,14.0,52,37
XAGUSD,H1,A_tp3,OOS,38,15.09,0.3972,52.6,1.41,1.84,4.9,28,10
XAGUSD,H1,A_be_optimistic,IS,92,-1.56,-0.017,50.0,-0.13,0.97,14.0,55,37
XAGUSD,H1,A_be_optimistic,OOS,38,10.05,0.2645,52.6,1.17,1.56,4.0,28,10
XAGUSD,H1,setA_x0spread,IS,94,12.51,0.1331,53.2,1.0,1.28,13.0,56,38
XAGUSD,H1,setA_x0spread,OOS,38,11.07,0.2913,55.3,1.31,1.65,4.0,28,10
XAGUSD,H1,setA_x2spread,IS,93,-9.73,-0.1046,43.0,-0.83,0.81,15.1,54,39
XAGUSD,H1,setA_x2spread,OOS,39,8.03,0.206,48.7,0.92,1.4,4.0,28,11
XAGUSD,M15,setA_60_125_250,IS,103,4.97,0.0482,47.6,0.38,1.09,14.3,76,27
XAGUSD,M15,setA_60_125_250,OOS,46,1.15,0.0249,45.7,0.13,1.05,8.9,27,19
XAGUSD,M15,setB_50_110_250,IS,128,6.84,0.0534,48.4,0.47,1.1,15.3,87,41
XAGUSD,M15,setB_50_110_250,OOS,54,6.0,0.111,50.0,0.63,1.23,6.1,30,24
XAGUSD,M15,setC_40_120_350,IS,132,12.9,0.0978,48.5,0.85,1.19,15.4,86,46
XAGUSD,M15,setC_40_120_350,OOS,56,10.24,0.1829,53.6,1.03,1.39,6.0,33,23
XAGUSD,M15,A_macd_off,IS,243,-35.74,-0.1471,41.2,-1.92,0.75,49.0,149,94
XAGUSD,M15,A_macd_off,OOS,120,-10.33,-0.0861,40.8,-0.73,0.86,30.2,77,43
XAGUSD,M15,A_be_off,IS,99,0.11,0.0011,33.3,0.01,1.0,15.0,74,25
XAGUSD,M15,A_be_off,OOS,42,6.11,0.1454,38.1,0.64,1.23,7.9,24,18
XAGUSD,M15,A_stack_off,IS,112,13.99,0.1249,49.1,1.0,1.25,11.3,82,30
XAGUSD,M15,A_stack_off,OOS,50,1.15,0.023,46.0,0.12,1.04,10.9,29,21
XAGUSD,M15,A_tp3,IS,99,-2.95,-0.0298,47.5,-0.21,0.94,16.1,72,27
XAGUSD,M15,A_tp3,OOS,45,3.76,0.0835,46.7,0.36,1.16,8.0,26,19
XAGUSD,M15,A_be_optimistic,IS,103,3.63,0.0352,48.5,0.28,1.07,13.7,76,27
XAGUSD,M15,A_be_optimistic,OOS,46,-0.84,-0.0183,45.7,-0.1,0.97,8.9,27,19
XAGUSD,M15,setA_x0spread,IS,102,18.98,0.1861,51.0,1.4,1.38,7.3,75,27
XAGUSD,M15,setA_x0spread,OOS,46,7.17,0.1558,50.0,0.78,1.31,6.0,27,19
XAGUSD,M15,setA_x2spread,IS,101,-11.58,-0.1147,42.6,-0.95,0.8,22.7,74,27
XAGUSD,M15,setA_x2spread,OOS,46,-0.87,-0.0188,45.7,-0.1,0.97,8.9,27,19
BTCUSD,H1,setA_60_125_250,IS,97,1.0,0.0103,47.4,0.08,1.02,20.0,54,43
BTCUSD,H1,setA_60_125_250,OOS,40,9.95,0.2489,52.5,1.16,1.55,3.0,21,19
BTCUSD,H1,setB_50_110_250,IS,130,4.0,0.0308,47.7,0.27,1.06,27.0,71,59
BTCUSD,H1,setB_50_110_250,OOS,50,2.29,0.0459,46.0,0.25,1.09,7.0,27,23
BTCUSD,H1,setC_40_120_350,IS,148,-3.0,-0.0203,46.6,-0.2,0.96,25.0,80,68
BTCUSD,H1,setC_40_120_350,OOS,57,9.31,0.1633,54.4,0.97,1.38,4.0,28,29
BTCUSD,H1,A_macd_off,IS,251,-2.72,-0.0108,47.4,-0.14,0.98,43.7,123,128
BTCUSD,H1,A_macd_off,OOS,116,3.95,0.0341,49.1,0.29,1.07,7.0,58,58
BTCUSD,H1,A_be_off,IS,91,8.0,0.0879,36.3,0.58,1.14,18.0,50,41
BTCUSD,H1,A_be_off,OOS,40,8.0,0.2,40.0,0.85,1.33,7.0,21,19
BTCUSD,H1,A_stack_off,IS,117,6.67,0.057,48.7,0.48,1.11,19.3,63,54
BTCUSD,H1,A_stack_off,OOS,48,18.95,0.3949,58.3,2.0,2.0,3.0,26,22
BTCUSD,H1,A_tp3,IS,96,2.87,0.0299,47.9,0.2,1.06,27.0,54,42
BTCUSD,H1,A_tp3,OOS,40,11.95,0.2989,52.5,1.16,1.66,3.0,21,19
BTCUSD,H1,A_be_optimistic,IS,97,-8.0,-0.0825,48.5,-0.69,0.84,26.0,54,43
BTCUSD,H1,A_be_optimistic,OOS,40,6.0,0.15,55.0,0.73,1.33,4.0,21,19
BTCUSD,H1,setA_x0spread,IS,97,8.0,0.0825,50.5,0.63,1.17,17.0,55,42
BTCUSD,H1,setA_x0spread,OOS,40,10.97,0.2742,55.0,1.29,1.64,3.0,21,19
BTCUSD,H1,setA_x2spread,IS,95,-2.0,-0.0211,45.3,-0.16,0.96,22.0,52,43
BTCUSD,H1,setA_x2spread,OOS,40,8.94,0.2235,50.0,1.03,1.47,4.1,21,19
BTCUSD,M15,setA_60_125_250,IS,91,-8.0,-0.0879,42.9,-0.67,0.85,11.0,43,48
BTCUSD,M15,setA_60_125_250,OOS,37,14.79,0.3996,67.6,1.9,2.23,3.0,19,18
BTCUSD,M15,setB_50_110_250,IS,121,-9.4,-0.0777,43.8,-0.69,0.86,17.4,59,62
BTCUSD,M15,setB_50_110_250,OOS,53,14.83,0.2798,58.5,1.54,1.67,7.0,27,26
BTCUSD,M15,setC_40_120_350,IS,129,7.62,0.0591,49.6,0.53,1.12,11.0,64,65
BTCUSD,M15,setC_40_120_350,OOS,53,10.0,0.1887,58.5,1.08,1.45,9.0,25,28
BTCUSD,M15,A_macd_off,IS,259,-32.0,-0.1235,42.1,-1.63,0.79,36.0,118,141
BTCUSD,M15,A_macd_off,OOS,113,0.37,0.0033,51.3,0.03,1.01,14.4,57,56
BTCUSD,M15,A_be_off,IS,90,-7.89,-0.0877,30.0,-0.6,0.87,12.4,42,48
BTCUSD,M15,A_be_off,OOS,36,16.79,0.4663,50.0,1.86,1.93,7.0,19,17
BTCUSD,M15,A_stack_off,IS,111,-9.0,-0.0811,43.2,-0.69,0.86,14.0,52,59
BTCUSD,M15,A_stack_off,OOS,42,11.79,0.2806,64.3,1.45,1.79,3.0,22,20
BTCUSD,M15,A_tp3,IS,87,-10.53,-0.1211,42.5,-0.81,0.79,13.5,40,47
BTCUSD,M15,A_tp3,OOS,36,12.79,0.3552,66.7,1.41,2.07,4.0,18,18
BTCUSD,M15,A_be_optimistic,IS,91,-14.0,-0.1538,42.9,-1.24,0.73,15.0,43,48
BTCUSD,M15,A_be_optimistic,OOS,37,12.79,0.3456,67.6,1.68,2.07,3.0,19,18
BTCUSD,M15,setA_x0spread,IS,91,-3.0,-0.033,46.2,-0.25,0.94,9.0,43,48
BTCUSD,M15,setA_x0spread,OOS,37,16.83,0.4548,67.6,2.12,2.4,3.0,19,18
BTCUSD,M15,setA_x2spread,IS,91,-8.0,-0.0879,42.9,-0.67,0.85,11.0,43,48
BTCUSD,M15,setA_x2spread,OOS,37,8.75,0.2364,62.2,1.15,1.62,4.0,19,18
ETHUSD,H1,setA_60_125_250,IS,81,15.87,0.1959,54.3,1.35,1.44,10.0,45,36
ETHUSD,H1,setA_60_125_250,OOS,36,-9.74,-0.2704,44.4,-1.58,0.51,11.0,15,21
ETHUSD,H1,setB_50_110_250,IS,107,3.85,0.036,46.7,0.29,1.07,17.2,61,46
ETHUSD,H1,setB_50_110_250,OOS,54,-5.76,-0.1067,48.1,-0.68,0.79,9.0,23,31
ETHUSD,H1,setC_40_120_350,IS,128,11.86,0.0927,50.8,0.82,1.19,17.1,72,56
ETHUSD,H1,setC_40_120_350,OOS,56,-8.74,-0.1561,51.8,-1.11,0.67,11.0,24,32
ETHUSD,H1,A_macd_off,IS,247,-22.65,-0.0917,45.7,-1.21,0.83,47.6,116,131
ETHUSD,H1,A_macd_off,OOS,117,-22.92,-0.1959,41.9,-1.86,0.66,25.2,51,66
ETHUSD,H1,A_be_off,IS,79,8.75,0.1107,36.7,0.68,1.18,11.3,45,34
ETHUSD,H1,A_be_off,OOS,35,-16.44,-0.4696,17.1,-2.43,0.42,16.4,14,21
ETHUSD,H1,A_stack_off,IS,97,19.87,0.2048,53.6,1.53,1.45,9.0,53,44
ETHUSD,H1,A_stack_off,OOS,46,-3.05,-0.0662,47.8,-0.38,0.87,8.0,22,24
ETHUSD,H1,A_tp3,IS,81,17.87,0.2206,54.3,1.27,1.49,12.0,45,36
ETHUSD,H1,A_tp3,OOS,36,-10.74,-0.2982,44.4,-1.61,0.46,14.0,15,21
ETHUSD,H1,A_be_optimistic,IS,80,11.0,0.1375,56.2,0.98,1.31,9.0,45,35
ETHUSD,H1,A_be_optimistic,OOS,36,-9.74,-0.2704,44.4,-1.58,0.51,11.0,15,21
ETHUSD,H1,setA_x0spread,IS,81,20.0,0.2469,58.0,1.7,1.59,10.0,45,36
ETHUSD,H1,setA_x0spread,OOS,36,-7.72,-0.2146,44.4,-1.18,0.61,11.0,15,21
ETHUSD,H1,setA_x2spread,IS,81,14.0,0.1728,53.1,1.18,1.37,11.0,45,36
ETHUSD,H1,setA_x2spread,OOS,36,-9.75,-0.2708,44.4,-1.58,0.51,11.0,15,21
ETHUSD,M15,setA_60_125_250,IS,83,1.8,0.0216,53.0,0.16,1.05,7.2,45,38
ETHUSD,M15,setA_60_125_250,OOS,39,-14.0,-0.359,33.3,-2.06,0.46,19.0,16,23
ETHUSD,M15,setB_50_110_250,IS,108,7.76,0.0719,49.1,0.58,1.14,14.2,62,46
ETHUSD,M15,setB_50_110_250,OOS,45,-9.0,-0.2,40.0,-1.14,0.67,16.0,19,26
ETHUSD,M15,setC_40_120_350,IS,124,6.79,0.0547,48.4,0.47,1.11,10.2,69,55
ETHUSD,M15,setC_40_120_350,OOS,51,-10.0,-0.1961,41.2,-1.2,0.67,17.0,19,32
ETHUSD,M15,A_macd_off,IS,234,-23.2,-0.0992,44.4,-1.26,0.82,30.2,126,108
ETHUSD,M15,A_macd_off,OOS,123,-10.75,-0.0874,43.9,-0.8,0.84,16.4,46,77
ETHUSD,M15,A_be_off,IS,79,5.0,0.0633,35.4,0.39,1.1,11.0,43,36
ETHUSD,M15,A_be_off,OOS,37,-16.0,-0.4324,18.9,-2.21,0.47,21.0,16,21
ETHUSD,M15,A_stack_off,IS,101,-10.2,-0.101,49.5,-0.89,0.8,13.2,54,47
ETHUSD,M15,A_stack_off,OOS,44,-15.0,-0.3409,34.1,-2.06,0.48,20.0,18,26
ETHUSD,M15,A_tp3,IS,78,-0.2,-0.0026,52.6,-0.02,0.99,7.0,41,37
ETHUSD,M15,A_tp3,OOS,38,-7.0,-0.1842,34.2,-0.78,0.72,16.0,16,22
ETHUSD,M15,A_be_optimistic,IS,83,-2.0,-0.0241,54.2,-0.19,0.95,8.0,45,38
ETHUSD,M15,A_be_optimistic,OOS,39,-14.0,-0.359,33.3,-2.06,0.46,19.0,16,23
ETHUSD,M15,setA_x0spread,IS,82,11.87,0.1447,54.9,1.03,1.33,4.1,45,37
ETHUSD,M15,setA_x0spread,OOS,38,-8.0,-0.2105,42.1,-1.14,0.64,14.0,16,22
ETHUSD,M15,setA_x2spread,IS,83,0.74,0.0089,51.8,0.07,1.02,9.0,45,38
ETHUSD,M15,setA_x2spread,OOS,39,-14.0,-0.359,33.3,-2.06,0.46,19.0,16,23
SOLUSD,H1,setA_60_125_250,IS,81,0.03,0.0004,45.7,0.0,1.0,7.0,35,46
SOLUSD,H1,setA_60_125_250,OOS,30,-1.99,-0.0665,40.0,-0.28,0.89,8.0,11,19
SOLUSD,H1,setB_50_110_250,IS,99,-0.96,-0.0097,46.5,-0.08,0.98,11.0,45,54
SOLUSD,H1,setB_50_110_250,OOS,37,-1.0,-0.0269,37.8,-0.12,0.96,5.0,13,24
SOLUSD,H1,setC_40_120_350,IS,109,-6.96,-0.0639,44.0,-0.53,0.89,10.0,51,58
SOLUSD,H1,setC_40_120_350,OOS,40,3.0,0.0751,42.5,0.34,1.13,7.0,13,27
SOLUSD,H1,A_macd_off,IS,214,-0.49,-0.0023,47.2,-0.03,1.0,13.5,102,112
SOLUSD,H1,A_macd_off,OOS,90,-12.98,-0.1442,38.9,-1.1,0.76,15.0,28,62
SOLUSD,H1,A_be_off,IS,78,3.0,0.0385,34.6,0.24,1.06,9.0,34,44
SOLUSD,H1,A_be_off,OOS,30,-3.0,-0.1,30.0,-0.39,0.86,8.0,11,19
SOLUSD,H1,A_stack_off,IS,96,-0.95,-0.0099,46.9,-0.08,0.98,8.0,44,52
SOLUSD,H1,A_stack_off,OOS,38,-0.17,-0.0045,39.5,-0.02,0.99,10.0,16,22
SOLUSD,H1,A_tp3,IS,80,4.05,0.0507,45.0,0.29,1.09,6.0,34,46
SOLUSD,H1,A_tp3,OOS,30,6.01,0.2002,40.0,0.63,1.33,7.0,11,19
SOLUSD,H1,A_be_optimistic,IS,81,-3.97,-0.049,45.7,-0.35,0.91,11.0,35,46
SOLUSD,H1,A_be_optimistic,OOS,30,-3.99,-0.1331,40.0,-0.58,0.78,9.0,11,19
SOLUSD,H1,setA_x0spread,IS,81,5.05,0.0624,46.9,0.43,1.12,7.0,35,46
SOLUSD,H1,setA_x0spread,OOS,30,-0.99,-0.033,43.3,-0.14,0.94,8.0,11,19
SOLUSD,H1,setA_x2spread,IS,83,-12.96,-0.1561,43.4,-1.21,0.72,18.0,35,48
SOLUSD,H1,setA_x2spread,OOS,31,-2.99,-0.0966,38.7,-0.41,0.84,8.0,11,20
SOLUSD,M15,setA_60_125_250,IS,86,-7.95,-0.0924,44.2,-0.7,0.83,13.0,39,47
SOLUSD,M15,setA_60_125_250,OOS,42,2.06,0.049,57.1,0.27,1.11,9.9,21,21
SOLUSD,M15,setB_50_110_250,IS,121,-8.14,-0.0673,44.6,-0.6,0.88,15.2,51,70
SOLUSD,M15,setB_50_110_250,OOS,51,6.05,0.1187,52.9,0.66,1.25,10.0,24,27
SOLUSD,M15,setC_40_120_350,IS,133,-6.94,-0.0521,45.1,-0.48,0.9,15.9,56,77
SOLUSD,M15,setC_40_120_350,OOS,53,9.07,0.1711,60.4,1.01,1.43,9.9,25,28
SOLUSD,M15,A_macd_off,IS,267,-31.82,-0.1192,44.6,-1.64,0.79,33.8,114,153
SOLUSD,M15,A_macd_off,OOS,111,-11.85,-0.1068,45.9,-0.95,0.8,29.9,49,62
SOLUSD,M15,A_be_off,IS,81,9.0,0.1111,37.0,0.69,1.18,8.0,37,44
SOLUSD,M15,A_be_off,OOS,38,1.0,0.0263,34.2,0.11,1.04,11.0,19,19
SOLUSD,M15,A_stack_off,IS,103,-7.92,-0.0769,45.6,-0.64,0.86,12.9,48,55
SOLUSD,M15,A_stack_off,OOS,50,4.06,0.0812,56.0,0.47,1.18,9.0,26,24
SOLUSD,M15,A_tp3,IS,83,-22.92,-0.2761,43.4,-2.15,0.51,22.9,38,45
SOLUSD,M15,A_tp3,OOS,40,8.91,0.2227,57.5,0.93,1.52,6.0,21,19
SOLUSD,M15,A_be_optimistic,IS,86,-7.95,-0.0924,44.2,-0.7,0.83,13.0,39,47
SOLUSD,M15,A_be_optimistic,OOS,42,2.06,0.049,57.1,0.27,1.11,9.9,21,21
SOLUSD,M15,setA_x0spread,IS,85,3.98,0.0468,44.7,0.33,1.09,9.1,39,46
SOLUSD,M15,setA_x0spread,OOS,42,14.07,0.335,66.7,1.72,2.01,5.0,21,21
SOLUSD,M15,setA_x2spread,IS,87,-11.96,-0.1374,42.5,-1.07,0.76,14.0,38,49
SOLUSD,M15,setA_x2spread,OOS,41,-7.33,-0.1787,48.8,-1.06,0.65,17.0,20,21
Volatility 75 Index,H1,setA_60_125_250,IS,110,-14.0,-0.1273,43.6,-1.12,0.77,23.0,51,59
Volatility 75 Index,H1,setA_60_125_250,OOS,51,-4.0,-0.0784,41.2,-0.44,0.87,9.0,21,30
Volatility 75 Index,H1,setB_50_110_250,IS,132,-12.0,-0.0909,48.5,-0.89,0.82,22.0,61,71
Volatility 75 Index,H1,setB_50_110_250,OOS,67,-8.0,-0.1194,43.3,-0.81,0.79,15.0,27,40
Volatility 75 Index,H1,setC_40_120_350,IS,137,-23.0,-0.1679,43.8,-1.7,0.7,28.0,56,81
Volatility 75 Index,H1,setC_40_120_350,OOS,62,0.34,0.0054,48.4,0.03,1.01,10.7,20,42
Volatility 75 Index,H1,A_macd_off,IS,269,-19.03,-0.0708,48.0,-0.98,0.86,24.0,119,150
Volatility 75 Index,H1,A_macd_off,OOS,131,-8.0,-0.0611,42.0,-0.55,0.89,18.0,55,76
Volatility 75 Index,H1,A_be_off,IS,100,-13.0,-0.13,29.0,-0.95,0.82,22.0,47,53
Volatility 75 Index,H1,A_be_off,OOS,49,-1.0,-0.0204,32.7,-0.1,0.97,9.0,19,30
Volatility 75 Index,H1,A_stack_off,IS,124,-17.0,-0.1371,42.7,-1.27,0.76,25.0,59,65
Volatility 75 Index,H1,A_stack_off,OOS,54,-3.0,-0.0556,42.6,-0.32,0.9,10.0,22,32
Volatility 75 Index,H1,A_tp3,IS,106,-16.0,-0.1509,45.3,-1.18,0.72,20.0,49,57
Volatility 75 Index,H1,A_tp3,OOS,50,-9.0,-0.18,40.0,-0.93,0.7,18.0,21,29
Volatility 75 Index,H1,A_be_optimistic,IS,110,-18.0,-0.1636,43.6,-1.48,0.71,25.0,51,59
Volatility 75 Index,H1,A_be_optimistic,OOS,51,-4.0,-0.0784,41.2,-0.44,0.87,9.0,21,30
Volatility 75 Index,H1,setA_x0spread,IS,110,-14.0,-0.1273,43.6,-1.12,0.77,23.0,51,59
Volatility 75 Index,H1,setA_x0spread,OOS,51,-4.0,-0.0784,41.2,-0.44,0.87,9.0,21,30
Volatility 75 Index,H1,setA_x2spread,IS,110,-15.0,-0.1364,44.5,-1.22,0.75,23.0,51,59
Volatility 75 Index,H1,setA_x2spread,OOS,51,-7.0,-0.1373,39.2,-0.78,0.77,11.0,21,30
Volatility 75 Index,M15,setA_60_125_250,IS,87,12.0,0.1379,51.7,0.98,1.29,11.0,37,50
Volatility 75 Index,M15,setA_60_125_250,OOS,45,-6.0,-0.1333,46.7,-0.77,0.75,12.0,32,13
Volatility 75 Index,M15,setB_50_110_250,IS,111,10.95,0.0987,54.1,0.83,1.21,11.0,52,59
Volatility 75 Index,M15,setB_50_110_250,OOS,61,-12.0,-0.1967,41.0,-1.32,0.67,20.0,41,20
Volatility 75 Index,M15,setC_40_120_350,IS,128,-7.0,-0.0547,47.7,-0.51,0.9,24.0,58,70
Volatility 75 Index,M15,setC_40_120_350,OOS,65,-16.0,-0.2461,41.5,-1.8,0.58,21.0,41,24
Volatility 75 Index,M15,A_macd_off,IS,271,-2.39,-0.0088,49.4,-0.12,0.98,25.0,120,151
Volatility 75 Index,M15,A_macd_off,OOS,115,-25.57,-0.2223,39.1,-2.07,0.63,25.6,73,42
Volatility 75 Index,M15,A_be_off,IS,85,20.0,0.2353,41.2,1.46,1.4,11.0,36,49
Volatility 75 Index,M15,A_be_off,OOS,42,-6.0,-0.1429,28.6,-0.67,0.8,13.0,30,12
Volatility 75 Index,M15,A_stack_off,IS,106,8.72,0.0823,50.9,0.67,1.17,9.0,45,61
Volatility 75 Index,M15,A_stack_off,OOS,56,-11.0,-0.1964,44.6,-1.31,0.65,16.0,37,19
Volatility 75 Index,M15,A_tp3,IS,84,20.71,0.2466,52.4,1.4,1.52,11.3,36,48
Volatility 75 Index,M15,A_tp3,OOS,45,0.0,0.0,46.7,0.0,1.0,12.0,32,13
Volatility 75 Index,M15,A_be_optimistic,IS,87,13.0,0.1494,52.9,1.07,1.32,11.0,37,50
Volatility 75 Index,M15,A_be_optimistic,OOS,45,-6.0,-0.1333,46.7,-0.77,0.75,12.0,32,13
Volatility 75 Index,M15,setA_x0spread,IS,87,14.0,0.1609,51.7,1.13,1.33,11.0,37,50
Volatility 75 Index,M15,setA_x0spread,OOS,45,-6.0,-0.1333,46.7,-0.77,0.75,12.0,32,13
Volatility 75 Index,M15,setA_x2spread,IS,87,10.0,0.115,49.4,0.81,1.23,12.0,37,50
Volatility 75 Index,M15,setA_x2spread,OOS,45,-9.0,-0.2,44.4,-1.2,0.64,15.0,32,13
Volatility 100 Index,H1,setA_60_125_250,IS,109,15.0,0.1376,53.2,1.11,1.29,10.0,58,51
Volatility 100 Index,H1,setA_60_125_250,OOS,42,-0.99,-0.0235,50.0,-0.12,0.95,9.0,20,22
Volatility 100 Index,H1,setB_50_110_250,IS,129,23.01,0.1784,54.3,1.55,1.39,9.0,66,63
Volatility 100 Index,H1,setB_50_110_250,OOS,49,2.02,0.0412,55.1,0.24,1.09,6.0,25,24
Volatility 100 Index,H1,setC_40_120_350,IS,133,13.01,0.0978,49.6,0.86,1.19,11.0,67,66
Volatility 100 Index,H1,setC_40_120_350,OOS,52,11.02,0.212,63.5,1.25,1.58,6.0,29,23
Volatility 100 Index,H1,A_macd_off,IS,273,59.02,0.2162,55.7,2.72,1.49,9.0,143,130
Volatility 100 Index,H1,A_macd_off,OOS,119,-1.96,-0.0165,46.2,-0.14,0.97,17.0,53,66
Volatility 100 Index,H1,A_be_off,IS,102,20.99,0.2058,40.2,1.41,1.34,10.0,52,50
Volatility 100 Index,H1,A_be_off,OOS,39,-3.0,-0.0769,30.8,-0.34,0.89,12.0,19,20
Volatility 100 Index,H1,A_stack_off,IS,120,8.0,0.0667,51.7,0.58,1.14,11.0,64,56
Volatility 100 Index,H1,A_stack_off,OOS,48,-2.98,-0.0621,47.9,-0.36,0.88,10.0,20,28
Volatility 100 Index,H1,A_tp3,IS,102,16.49,0.1616,52.9,1.07,1.34,13.0,56,46
Volatility 100 Index,H1,A_tp3,OOS,42,-2.98,-0.0709,50.0,-0.34,0.86,8.0,20,22
Volatility 100 Index,H1,A_be_optimistic,IS,109,13.0,0.1192,53.2,0.97,1.25,10.0,58,51
Volatility 100 Index,H1,A_be_optimistic,OOS,42,-0.99,-0.0235,50.0,-0.12,0.95,9.0,20,22
Volatility 100 Index,H1,setA_x0spread,IS,109,16.0,0.1468,54.1,1.19,1.32,10.0,58,51
Volatility 100 Index,H1,setA_x0spread,OOS,42,-0.99,-0.0235,50.0,-0.12,0.95,9.0,20,22
Volatility 100 Index,H1,setA_x2spread,IS,109,14.0,0.1284,52.3,1.03,1.27,10.0,58,51
Volatility 100 Index,H1,setA_x2spread,OOS,42,-0.99,-0.0235,50.0,-0.12,0.95,9.0,20,22
Volatility 100 Index,M15,setA_60_125_250,IS,109,-2.93,-0.0269,49.5,-0.23,0.95,14.0,51,58
Volatility 100 Index,M15,setA_60_125_250,OOS,47,0.05,0.0011,55.3,0.01,1.0,5.0,19,28
Volatility 100 Index,M15,setB_50_110_250,IS,130,-6.09,-0.0468,48.5,-0.44,0.91,14.1,65,65
Volatility 100 Index,M15,setB_50_110_250,OOS,53,3.64,0.0686,60.4,0.44,1.18,7.0,21,32
Volatility 100 Index,M15,setC_40_120_350,IS,141,-22.93,-0.1626,44.0,-1.67,0.71,26.9,65,76
Volatility 100 Index,M15,setC_40_120_350,OOS,56,1.55,0.0276,55.4,0.18,1.06,8.0,23,33
Volatility 100 Index,M15,A_macd_off,IS,280,-2.76,-0.0099,50.4,-0.14,0.98,23.8,128,152
Volatility 100 Index,M15,A_macd_off,OOS,125,-8.88,-0.0711,48.8,-0.68,0.86,19.9,46,79
Volatility 100 Index,M15,A_be_off,IS,103,-4.0,-0.0388,32.0,-0.28,0.94,12.0,48,55
Volatility 100 Index,M15,A_be_off,OOS,43,2.0,0.0465,34.9,0.21,1.07,10.0,19,24
Volatility 100 Index,M15,A_stack_off,IS,130,-6.92,-0.0532,48.5,-0.5,0.9,15.9,61,69
Volatility 100 Index,M15,A_stack_off,OOS,55,0.07,0.0012,54.5,0.01,1.0,5.0,23,32
Volatility 100 Index,M15,A_tp3,IS,109,-3.91,-0.0359,49.5,-0.27,0.93,13.0,51,58
Volatility 100 Index,M15,A_tp3,OOS,47,1.07,0.0227,55.3,0.12,1.05,9.0,19,28
Volatility 100 Index,M15,A_be_optimistic,IS,109,-6.93,-0.0635,49.5,-0.56,0.87,14.9,51,58
Volatility 100 Index,M15,A_be_optimistic,OOS,47,0.05,0.0011,55.3,0.01,1.0,5.0,19,28
Volatility 100 Index,M15,setA_x0spread,IS,109,-2.93,-0.0269,49.5,-0.23,0.95,14.0,51,58
Volatility 100 Index,M15,setA_x0spread,OOS,47,0.06,0.0012,57.4,0.01,1.0,5.0,19,28
Volatility 100 Index,M15,setA_x2spread,IS,109,-6.92,-0.0635,49.5,-0.56,0.87,15.9,51,58
Volatility 100 Index,M15,setA_x2spread,OOS,47,0.05,0.001,55.3,0.01,1.0,5.0,19,28
Step Index,H1,setA_60_125_250,IS,85,0.46,0.0055,55.3,0.04,1.01,8.9,34,51
Step Index,H1,setA_60_125_250,OOS,48,-7.66,-0.1596,45.8,-0.97,0.71,8.9,22,26
Step Index,H1,setB_50_110_250,IS,113,-7.4,-0.0655,50.4,-0.6,0.87,18.7,48,65
Step Index,H1,setB_50_110_250,OOS,51,-1.67,-0.0327,52.9,-0.2,0.93,6.9,23,28
Step Index,H1,setC_40_120_350,IS,107,-4.47,-0.0418,54.2,-0.38,0.91,18.7,43,64
Step Index,H1,setC_40_120_350,OOS,57,-6.73,-0.118,45.6,-0.75,0.78,9.9,29,28
Step Index,H1,A_macd_off,IS,243,-18.36,-0.0755,49.8,-1.02,0.85,35.6,104,139
Step Index,H1,A_macd_off,OOS,107,-20.47,-0.1913,41.1,-1.7,0.68,26.6,48,59
Step Index,H1,A_be_off,IS,82,-4.0,-0.0488,31.7,-0.31,0.93,15.0,32,50
Step Index,H1,A_be_off,OOS,43,-12.6,-0.2931,23.3,-1.5,0.61,12.6,18,25
Step Index,H1,A_stack_off,IS,95,0.57,0.006,55.8,0.05,1.01,10.7,39,56
Step Index,H1,A_stack_off,OOS,52,-2.6,-0.0499,51.9,-0.31,0.9,5.9,23,29
Step Index,H1,A_tp3,IS,78,1.59,0.0203,59.0,0.14,1.05,8.8,29,49
Step Index,H1,A_tp3,OOS,46,-6.63,-0.144,45.7,-0.74,0.73,7.0,21,25
Step Index,H1,A_be_optimistic,IS,85,0.46,0.0055,55.3,0.04,1.01,8.9,34,51
Step Index,H1,A_be_optimistic,OOS,48,-9.62,-0.2005,45.8,-1.27,0.63,10.7,22,26
Step Index,H1,setA_x0spread,IS,85,0.47,0.0055,55.3,0.04,1.01,8.9,34,51
Step Index,H1,setA_x0spread,OOS,48,-6.62,-0.1378,47.9,-0.84,0.74,8.9,22,26
Step Index,H1,setA_x2spread,IS,85,0.46,0.0055,55.3,0.04,1.01,8.9,34,51
Step Index,H1,setA_x2spread,OOS,48,-7.66,-0.1596,45.8,-0.97,0.71,8.9,22,26
Step Index,M15,setA_60_125_250,IS,97,-21.92,-0.226,47.4,-2.16,0.57,24.0,44,53
Step Index,M15,setA_60_125_250,OOS,31,-0.73,-0.0236,51.6,-0.11,0.95,5.9,13,18
Step Index,M15,setB_50_110_250,IS,125,-16.68,-0.1334,47.2,-1.31,0.75,21.4,60,65
Step Index,M15,setB_50_110_250,OOS,41,-7.62,-0.1859,46.3,-1.08,0.65,9.8,20,21
Step Index,M15,setC_40_120_350,IS,130,-12.8,-0.0984,47.7,-0.96,0.81,21.5,60,70
Step Index,M15,setC_40_120_350,OOS,45,-8.63,-0.1918,48.9,-1.21,0.62,9.9,19,26
Step Index,M15,A_macd_off,IS,240,-10.33,-0.043,50.4,-0.57,0.91,26.5,110,130
Step Index,M15,A_macd_off,OOS,84,3.91,0.0465,56.0,0.36,1.11,9.9,40,44
Step Index,M15,A_be_off,IS,90,-24.0,-0.2667,24.4,-1.95,0.65,30.0,39,51
Step Index,M15,A_be_off,OOS,29,10.0,0.3448,44.8,1.22,1.62,5.0,12,17
Step Index,M15,A_stack_off,IS,112,-20.65,-0.1844,50.0,-1.88,0.63,22.8,52,60
Step Index,M15,A_stack_off,OOS,43,-1.65,-0.0384,48.8,-0.21,0.92,6.9,19,24
Step Index,M15,A_tp3,IS,93,-17.85,-0.1919,47.3,-1.52,0.64,21.2,43,50
Step Index,M15,A_tp3,OOS,30,3.27,0.109,50.0,0.39,1.22,5.9,12,18
Step Index,M15,A_be_optimistic,IS,97,-21.92,-0.226,47.4,-2.16,0.57,24.0,44,53
Step Index,M15,A_be_optimistic,OOS,31,-0.73,-0.0236,51.6,-0.11,0.95,5.9,13,18
Step Index,M15,setA_x0spread,IS,97,-21.91,-0.2259,47.4,-2.16,0.57,24.0,44,53
Step Index,M15,setA_x0spread,OOS,31,-0.73,-0.0236,51.6,-0.11,0.95,5.9,13,18
Step Index,M15,setA_x2spread,IS,97,-21.92,-0.226,47.4,-2.16,0.57,24.0,44,53
Step Index,M15,setA_x2spread,OOS,31,-0.73,-0.0236,51.6,-0.11,0.95,5.9,13,18
US Tech 100,H1,setA_60_125_250,IS,33,-1.0,-0.0303,48.5,-0.14,0.94,5.0,26,7
US Tech 100,H1,setA_60_125_250,OOS,9,-3.0,-0.3333,44.4,-1.0,0.4,3.0,7,2
US Tech 100,H1,setB_50_110_250,IS,38,5.12,0.1347,55.3,0.65,1.3,2.0,31,7
US Tech 100,H1,setB_50_110_250,OOS,13,-5.0,-0.3845,46.2,-1.59,0.29,5.0,11,2
US Tech 100,H1,setC_40_120_350,IS,37,4.0,0.1082,56.8,0.53,1.25,4.0,31,6
US Tech 100,H1,setC_40_120_350,OOS,15,-6.0,-0.3999,46.7,-1.87,0.25,6.0,12,3
US Tech 100,H1,A_macd_off,IS,73,3.01,0.0412,49.3,0.28,1.08,7.0,52,21
US Tech 100,H1,A_macd_off,OOS,25,3.0,0.1201,56.0,0.47,1.27,6.0,14,11
US Tech 100,H1,A_be_off,IS,32,-5.0,-0.1562,28.1,-0.64,0.78,9.0,25,7
US Tech 100,H1,A_be_off,OOS,8,-5.0,-0.625,12.5,-1.67,0.29,4.0,6,2
US Tech 100,H1,A_stack_off,IS,36,-1.0,-0.0277,47.2,-0.13,0.95,6.0,29,7
US Tech 100,H1,A_stack_off,OOS,11,-5.0,-0.4545,36.4,-1.61,0.29,5.0,9,2
US Tech 100,H1,A_tp3,IS,31,2.0,0.0646,48.4,0.24,1.13,7.0,24,7
US Tech 100,H1,A_tp3,OOS,9,-2.0,-0.2222,44.4,-0.51,0.6,3.0,7,2
US Tech 100,H1,A_be_optimistic,IS,33,-1.0,-0.0303,48.5,-0.14,0.94,5.0,26,7
US Tech 100,H1,A_be_optimistic,OOS,9,-3.0,-0.3333,44.4,-1.0,0.4,3.0,7,2
US Tech 100,H1,setA_x0spread,IS,33,-1.0,-0.0303,48.5,-0.14,0.94,5.0,26,7
US Tech 100,H1,setA_x0spread,OOS,9,-3.0,-0.3333,44.4,-1.0,0.4,3.0,7,2
US Tech 100,H1,setA_x2spread,IS,33,-1.0,-0.0303,48.5,-0.14,0.94,5.0,26,7
US Tech 100,H1,setA_x2spread,OOS,9,-3.0,-0.3333,44.4,-1.0,0.4,3.0,7,2
US Tech 100,M15,setA_60_125_250,IS,87,0.87,0.01,51.7,0.08,1.02,18.1,64,23
US Tech 100,M15,setA_60_125_250,OOS,45,4.01,0.089,55.6,0.48,1.2,5.0,27,18
US Tech 100,M15,setB_50_110_250,IS,109,1.87,0.0172,51.4,0.15,1.04,9.1,79,30
US Tech 100,M15,setB_50_110_250,OOS,55,1.34,0.0243,47.3,0.14,1.05,8.0,34,21
US Tech 100,M15,setC_40_120_350,IS,111,3.87,0.0349,52.3,0.3,1.07,13.0,81,30
US Tech 100,M15,setC_40_120_350,OOS,56,5.75,0.1027,57.1,0.62,1.24,5.0,33,23
US Tech 100,M15,A_macd_off,IS,255,15.54,0.0609,52.5,0.8,1.13,31.3,168,87
US Tech 100,M15,A_macd_off,OOS,109,17.68,0.1622,56.9,1.35,1.38,7.0,64,45
US Tech 100,M15,A_be_off,IS,82,-1.0,-0.0122,32.9,-0.08,0.98,15.0,61,21
US Tech 100,M15,A_be_off,OOS,43,8.0,0.186,39.5,0.82,1.31,8.0,26,17
US Tech 100,M15,A_stack_off,IS,100,-8.12,-0.0812,49.0,-0.7,0.84,22.1,72,28
US Tech 100,M15,A_stack_off,OOS,48,5.01,0.1043,60.4,0.61,1.26,5.0,28,20
US Tech 100,M15,A_tp3,IS,81,10.98,0.1355,53.1,0.81,1.29,18.0,59,22
US Tech 100,M15,A_tp3,OOS,44,13.01,0.2956,54.5,1.2,1.65,5.0,27,17
US Tech 100,M15,A_be_optimistic,IS,87,-1.12,-0.0129,54.0,-0.1,0.97,19.1,64,23
US Tech 100,M15,A_be_optimistic,OOS,47,2.01,0.0427,53.2,0.24,1.09,6.0,28,19
US Tech 100,M15,setA_x0spread,IS,87,1.88,0.0217,52.9,0.17,1.05,17.1,64,23
US Tech 100,M15,setA_x0spread,OOS,45,4.01,0.089,55.6,0.48,1.2,5.0,27,18
US Tech 100,M15,setA_x2spread,IS,87,1.02,0.0117,52.9,0.09,1.02,18.0,64,23
US Tech 100,M15,setA_x2spread,OOS,45,4.01,0.089,55.6,0.48,1.2,5.0,27,18
US SP 500,H1,setA_60_125_250,IS,33,14.01,0.4245,63.6,1.81,2.17,4.0,24,9
US SP 500,H1,setA_60_125_250,OOS,10,-8.0,-0.7998,20.0,-5.99,0.0,7.0,7,3
US SP 500,H1,setB_50_110_250,IS,39,16.02,0.4107,69.2,2.02,2.33,3.0,27,12
US SP 500,H1,setB_50_110_250,OOS,14,-10.0,-0.714,28.6,-5.69,0.0,10.0,8,6
US SP 500,H1,setC_40_120_350,IS,34,13.04,0.3836,67.6,1.75,2.19,4.0,26,8
US SP 500,H1,setC_40_120_350,OOS,12,-8.0,-0.6663,33.3,-4.68,0.0,7.0,7,5
US SP 500,H1,A_macd_off,IS,73,3.6,0.0493,53.4,0.34,1.1,9.0,55,18
US SP 500,H1,A_macd_off,OOS,27,-9.25,-0.3425,33.3,-1.66,0.46,11.3,17,10
US SP 500,H1,A_be_off,IS,32,13.0,0.4062,46.9,1.51,1.76,4.0,23,9
US SP 500,H1,A_be_off,OOS,10,-7.0,-0.7,10.0,-2.33,0.22,6.0,7,3
US SP 500,H1,A_stack_off,IS,37,16.01,0.4327,62.2,1.93,2.14,4.0,27,10
US SP 500,H1,A_stack_off,OOS,14,-7.0,-0.4997,35.7,-2.19,0.22,7.0,9,5
US SP 500,H1,A_tp3,IS,31,14.22,0.4586,58.1,1.48,2.09,4.0,22,9
US SP 500,H1,A_tp3,OOS,10,-8.0,-0.7998,20.0,-5.99,0.0,7.0,7,3
US SP 500,H1,A_be_optimistic,IS,33,14.01,0.4245,63.6,1.81,2.17,4.0,24,9
US SP 500,H1,A_be_optimistic,OOS,10,-8.0,-0.7998,20.0,-5.99,0.0,7.0,7,3
US SP 500,H1,setA_x0spread,IS,34,13.01,0.3828,67.6,1.74,2.18,4.0,25,9
US SP 500,H1,setA_x0spread,OOS,10,-8.0,-0.7998,20.0,-5.99,0.0,7.0,7,3
US SP 500,H1,setA_x2spread,IS,33,14.01,0.4245,63.6,1.81,2.17,4.0,24,9
US SP 500,H1,setA_x2spread,OOS,10,-8.0,-0.7998,20.0,-5.99,0.0,7.0,7,3
US SP 500,M15,setA_60_125_250,IS,72,-9.94,-0.1381,44.4,-0.99,0.75,15.0,50,22
US SP 500,M15,setA_60_125_250,OOS,43,-9.14,-0.2125,37.2,-1.14,0.67,15.1,27,16
US SP 500,M15,setB_50_110_250,IS,97,0.82,0.0085,50.5,0.07,1.02,11.9,69,28
US SP 500,M15,setB_50_110_250,OOS,52,-8.39,-0.1614,46.2,-1.0,0.71,14.6,34,18
US SP 500,M15,setC_40_120_350,IS,103,-4.75,-0.0461,48.5,-0.39,0.91,13.8,73,30
US SP 500,M15,setC_40_120_350,OOS,47,0.46,0.0098,42.6,0.05,1.02,9.5,29,18
US SP 500,M15,A_macd_off,IS,253,6.27,0.0248,50.2,0.32,1.05,34.9,165,88
US SP 500,M15,A_macd_off,OOS,105,-6.52,-0.0621,41.9,-0.5,0.89,13.5,58,47
US SP 500,M15,A_be_off,IS,70,-6.4,-0.0914,30.0,-0.55,0.87,12.4,49,21
US SP 500,M15,A_be_off,OOS,43,-11.0,-0.2559,27.9,-1.3,0.65,19.2,27,16
US SP 500,M15,A_stack_off,IS,81,-13.93,-0.172,43.2,-1.33,0.7,18.9,53,28
US SP 500,M15,A_stack_off,OOS,51,-11.11,-0.2179,39.2,-1.32,0.65,17.1,31,20
US SP 500,M15,A_tp3,IS,72,-9.66,-0.1342,44.4,-0.84,0.76,14.0,50,22
US SP 500,M15,A_tp3,OOS,42,-12.13,-0.2888,35.7,-1.43,0.56,14.1,27,15
US SP 500,M15,A_be_optimistic,IS,72,-11.94,-0.1658,44.4,-1.22,0.7,16.9,50,22
US SP 500,M15,A_be_optimistic,OOS,43,-11.13,-0.2589,37.2,-1.45,0.6,17.1,27,16
US SP 500,M15,setA_x0spread,IS,74,-9.93,-0.1342,45.9,-0.99,0.75,14.0,52,22
US SP 500,M15,setA_x0spread,OOS,44,-8.49,-0.193,36.4,-1.02,0.7,14.5,28,16
US SP 500,M15,setA_x2spread,IS,72,-7.95,-0.1104,44.4,-0.78,0.8,15.0,50,22
US SP 500,M15,setA_x2spread,OOS,43,-9.14,-0.2126,37.2,-1.14,0.67,15.1,27,16
Wall Street 30,H1,setA_60_125_250,IS,23,2.26,0.0984,60.9,0.38,1.23,3.0,15,8
Wall Street 30,H1,setA_60_125_250,OOS,10,-2.25,-0.2249,30.0,-0.58,0.64,3.0,8,2
Wall Street 30,H1,setB_50_110_250,IS,30,4.0,0.1334,53.3,0.56,1.29,6.0,22,8
Wall Street 30,H1,setB_50_110_250,OOS,12,-5.27,-0.4388,33.3,-1.7,0.28,5.0,9,3
Wall Street 30,H1,setC_40_120_350,IS,28,9.17,0.3275,57.1,1.21,1.71,4.0,22,6
Wall Street 30,H1,setC_40_120_350,OOS,14,-5.25,-0.3753,28.6,-1.3,0.43,6.0,11,3
Wall Street 30,H1,A_macd_off,IS,74,-2.0,-0.027,50.0,-0.19,0.94,9.2,48,26
Wall Street 30,H1,A_macd_off,OOS,34,-3.25,-0.0955,35.3,-0.42,0.85,7.0,25,9
Wall Street 30,H1,A_be_off,IS,22,-1.74,-0.079,31.8,-0.25,0.89,4.7,14,8
Wall Street 30,H1,A_be_off,OOS,10,-3.25,-0.3249,20.0,-0.82,0.55,4.0,8,2
Wall Street 30,H1,A_stack_off,IS,30,-3.74,-0.1245,50.0,-0.58,0.76,7.7,18,12
Wall Street 30,H1,A_stack_off,OOS,11,-2.25,-0.2044,36.4,-0.58,0.64,3.0,9,2
Wall Street 30,H1,A_tp3,IS,23,-0.74,-0.032,60.9,-0.12,0.92,4.0,15,8
Wall Street 30,H1,A_tp3,OOS,9,-2.25,-0.2498,33.3,-0.58,0.57,3.0,7,2
Wall Street 30,H1,A_be_optimistic,IS,23,2.26,0.0984,60.9,0.38,1.23,3.0,15,8
Wall Street 30,H1,A_be_optimistic,OOS,10,-4.25,-0.4248,30.0,-1.4,0.32,3.2,8,2
Wall Street 30,H1,setA_x0spread,IS,23,2.26,0.0983,60.9,0.37,1.23,3.0,15,8
Wall Street 30,H1,setA_x0spread,OOS,10,-2.25,-0.2245,30.0,-0.58,0.64,3.0,8,2
Wall Street 30,H1,setA_x2spread,IS,23,2.27,0.0986,60.9,0.38,1.23,3.0,15,8
Wall Street 30,H1,setA_x2spread,OOS,10,-2.25,-0.2252,30.0,-0.58,0.64,3.0,8,2
Wall Street 30,M15,setA_60_125_250,IS,97,-7.08,-0.073,48.5,-0.61,0.86,13.1,62,35
Wall Street 30,M15,setA_60_125_250,OOS,36,-11.31,-0.3142,33.3,-1.69,0.51,12.8,22,14
Wall Street 30,M15,setB_50_110_250,IS,117,-15.1,-0.129,41.9,-1.16,0.78,22.1,72,45
Wall Street 30,M15,setB_50_110_250,OOS,52,-12.53,-0.241,38.5,-1.56,0.59,16.0,35,17
Wall Street 30,M15,setC_40_120_350,IS,119,-1.08,-0.0091,49.6,-0.08,0.98,10.1,72,47
Wall Street 30,M15,setC_40_120_350,OOS,58,-10.35,-0.1784,39.7,-1.15,0.7,14.8,39,19
Wall Street 30,M15,A_macd_off,IS,260,-1.19,-0.0046,48.1,-0.06,0.99,18.2,143,117
Wall Street 30,M15,A_macd_off,OOS,109,-16.96,-0.1556,43.1,-1.39,0.72,20.8,64,45
Wall Street 30,M15,A_be_off,IS,90,-5.31,-0.059,31.1,-0.4,0.91,12.0,56,34
Wall Street 30,M15,A_be_off,OOS,36,-13.69,-0.3804,22.2,-1.89,0.51,17.0,22,14
Wall Street 30,M15,A_stack_off,IS,111,-16.08,-0.1449,45.0,-1.33,0.73,19.1,72,39
Wall Street 30,M15,A_stack_off,OOS,45,-10.31,-0.2291,35.6,-1.3,0.64,11.8,29,16
Wall Street 30,M15,A_tp3,IS,93,-20.07,-0.2158,48.4,-1.8,0.57,24.1,61,32
Wall Street 30,M15,A_tp3,OOS,35,-16.31,-0.466,34.3,-2.83,0.27,15.3,21,14
Wall Street 30,M15,A_be_optimistic,IS,97,-12.98,-0.1338,51.5,-1.21,0.72,16.0,62,35
Wall Street 30,M15,A_be_optimistic,OOS,37,-13.81,-0.3733,35.1,-2.2,0.42,15.8,23,14
Wall Street 30,M15,setA_x0spread,IS,97,-9.05,-0.0933,48.5,-0.8,0.82,13.1,62,35
Wall Street 30,M15,setA_x0spread,OOS,36,-12.98,-0.3607,33.3,-2.07,0.44,12.8,22,14
Wall Street 30,M15,setA_x2spread,IS,97,-9.11,-0.0939,48.5,-0.8,0.81,13.1,62,35
Wall Street 30,M15,setA_x2spread,OOS,36,-13.33,-0.3702,33.3,-2.13,0.43,14.8,22,14
Germany 40,H1,setA_60_125_250,IS,21,4.0,0.1905,52.4,0.64,1.4,3.0,14,7
Germany 40,H1,setA_60_125_250,OOS,9,5.34,0.5933,66.7,1.26,2.78,2.0,6,3
Germany 40,H1,setB_50_110_250,IS,26,5.0,0.1924,50.0,0.71,1.38,5.0,17,9
Germany 40,H1,setB_50_110_250,OOS,15,7.83,0.5219,66.7,1.53,2.73,3.0,9,6
Germany 40,H1,setC_40_120_350,IS,28,-2.0,-0.0714,42.9,-0.3,0.88,7.0,18,10
Germany 40,H1,setC_40_120_350,OOS,15,8.34,0.5562,73.3,1.66,3.09,2.0,11,4
Germany 40,H1,A_macd_off,IS,55,-3.99,-0.0726,45.5,-0.44,0.87,12.0,32,23
Germany 40,H1,A_macd_off,OOS,31,3.07,0.099,48.4,0.42,1.2,5.0,22,9
Germany 40,H1,A_be_off,IS,20,10.0,0.5,50.0,1.45,2.0,3.0,13,7
Germany 40,H1,A_be_off,OOS,9,7.34,0.8154,66.7,1.67,3.45,2.0,6,3
Germany 40,H1,A_stack_off,IS,24,7.0,0.2917,54.2,1.02,1.64,3.0,15,9
Germany 40,H1,A_stack_off,OOS,11,7.34,0.6672,72.7,1.64,3.45,2.0,6,5
Germany 40,H1,A_tp3,IS,20,0.0,0.0001,55.0,0.0,1.0,4.0,13,7
Germany 40,H1,A_tp3,OOS,9,6.34,0.7044,66.7,1.18,3.11,2.0,6,3
Germany 40,H1,A_be_optimistic,IS,21,4.0,0.1905,52.4,0.64,1.4,3.0,14,7
Germany 40,H1,A_be_optimistic,OOS,9,3.34,0.3711,66.7,0.85,2.11,2.0,6,3
Germany 40,H1,setA_x0spread,IS,20,7.0,0.35,55.0,1.1,1.78,3.0,13,7
Germany 40,H1,setA_x0spread,OOS,10,7.41,0.7412,70.0,1.67,3.47,2.0,7,3
Germany 40,H1,setA_x2spread,IS,21,3.0,0.1429,57.1,0.51,1.33,3.0,14,7
Germany 40,H1,setA_x2spread,OOS,9,7.27,0.8081,66.7,1.65,3.42,2.0,6,3
Germany 40,M15,setA_60_125_250,IS,97,-13.59,-0.1402,38.1,-1.08,0.77,16.0,67,30
Germany 40,M15,setA_60_125_250,OOS,40,-9.99,-0.2498,40.0,-1.4,0.58,9.0,27,13
Germany 40,M15,setB_50_110_250,IS,119,-0.8,-0.0067,43.7,-0.06,0.99,14.0,80,39
Germany 40,M15,setB_50_110_250,OOS,46,-9.99,-0.2173,43.5,-1.32,0.62,9.0,29,17
Germany 40,M15,setC_40_120_350,IS,142,-10.12,-0.0713,42.3,-0.67,0.87,15.0,95,47
Germany 40,M15,setC_40_120_350,OOS,53,-5.28,-0.0997,49.1,-0.62,0.81,9.3,34,19
Germany 40,M15,A_macd_off,IS,243,-37.48,-0.1543,38.3,-1.92,0.75,37.5,154,89
Germany 40,M15,A_macd_off,OOS,121,-3.58,-0.0296,43.8,-0.25,0.95,15.0,65,56
Germany 40,M15,A_be_off,IS,95,-14.68,-0.1545,28.4,-1.04,0.79,14.0,65,30
Germany 40,M15,A_be_off,OOS,40,-4.0,-0.1,30.0,-0.45,0.86,7.0,27,13
Germany 40,M15,A_stack_off,IS,114,-18.59,-0.1631,37.7,-1.39,0.74,18.0,76,38
Germany 40,M15,A_stack_off,OOS,48,-6.34,-0.1322,41.7,-0.74,0.78,6.3,31,17
Germany 40,M15,A_tp3,IS,93,-7.59,-0.0816,38.7,-0.53,0.87,19.0,63,30
Germany 40,M15,A_tp3,OOS,39,-7.99,-0.2049,41.0,-0.97,0.65,11.0,26,13
Germany 40,M15,A_be_optimistic,IS,97,-18.16,-0.1872,40.2,-1.52,0.69,17.2,67,30
Germany 40,M15,A_be_optimistic,OOS,40,-11.99,-0.2998,40.0,-1.78,0.5,11.0,27,13
Germany 40,M15,setA_x0spread,IS,97,1.82,0.0188,48.5,0.14,1.04,11.0,68,29
Germany 40,M15,setA_x0spread,OOS,40,-5.99,-0.1498,45.0,-0.81,0.73,8.0,27,13
Germany 40,M15,setA_x2spread,IS,96,-24.0,-0.25,36.5,-1.96,0.62,23.0,66,30
Germany 40,M15,setA_x2spread,OOS,40,-12.0,-0.2999,35.0,-1.67,0.54,11.0,27,13
